pathway	target	anchor_locus	claim_kind	family_group	taro_gene	identity	qcov_pct	scov_pct	aln_aa	aln_over_qlen_pct	q_start	q_end	s_start	s_end	evalue	rev_best_locus	rev_best_symbol	rbh_anchor	rbh_family	call
MEP	DXS family	AT4G15560	detection		Ces23591	87.8	93	92	664	93	53	716	57	720	0.0	AT4G15560	CLA1	1	1	ortholog (RBH)
MEP	DXS family	AT4G15560	detection		Ces01305	73.5	91	92	653	91	64	716	54	706	0.0	AT4G15560	CLA1	1	1	ortholog (RBH)
MEP	DXS family	AT4G15560	detection		Ces01303	74.0	73	90	524	73	66	589	57	580	3.40e-289	AT4G15560	CLA1	1	1	ortholog (RBH)
MEP	DXS family	AT4G15560	detection		Ces01301	51.4	87	98	627	87	90	716	8	440	2.79e-203	AT4G15560	CLA1	1	1	ortholog (RBH)
MEP	DXS family	AT4G15560	detection		Ces02309	76.2	33	98	235	33	482	716	2	236	1.76e-125	AT4G15560	CLA1	1	1	partial (RBH)
MEP	DXS family	AT4G15560	detection		Ces02308	65.7	20	76	143	20	64	206	27	169	3.08e-59	AT4G15560	CLA1	1	1	partial (RBH)
MEP	DXS family	AT4G15560	detection		Ces01299	72.0	18	97	132	18	585	716	2	133	8.00e-59	AT4G15560	CLA1	1	1	partial (RBH)
MEP	DXS family	AT4G15560	detection		Ces02306	84.4	13	37	96	13	482	577	147	242	3.60e-51	AT4G15560	CLA1	1	1	partial (RBH)
MEP	DXS family	AT4G15560	detection		Ces02307	63.7	14	85	102	14	585	686	2	103	8.40e-36	AT4G15560	CLA1	1	1	partial (RBH)
MEP	DXS family	AT4G15560	detection		Ces00252	51.3	11	36	78	11	93	170	57	102	8.50e-12	AT4G15560	CLA1	1	1	partial (RBH)
MEP	DXR family	AT5G62790	detection		Ces17928	78.4	98	98	486	98	10	495	10	469	2.44e-269	AT5G62790	DXR	1	1	ortholog (RBH)
MEP	MCT family	AT2G02500	detection		Ces20920	72.5	78	64	236	78	66	299	129	364	6.82e-110	AT2G02500	ISPD	1	1	ortholog (RBH)
MEP	CMK family	AT2G26930	detection		Ces18096	69.4	96	90	369	96	14	382	35	400	1.44e-187	AT2G26930	CDPMEK	1	1	ortholog (RBH)
MEP	MDS family	AT1G63970	detection		Ces06836	86.1	72	70	166	72	66	231	74	239	3.75e-104	AT1G63970	ISPF	1	1	ortholog (RBH)
MEP	HDS family	AT5G60600	detection		Ces25286	84.5	94	93	698	94	44	740	57	754	0.0	AT5G60600	HDS	1	1	ortholog (RBH)
MEP	HDR family	AT4G34350	detection		Ces00461	78.2	95	97	445	95	24	466	13	455	1.41e-263	AT4G34350	HDR	1	1	ortholog (RBH)
MEP	HDR family	AT4G34350	detection		Ces01140	78.0	95	92	441	95	26	466	39	477	3.70e-262	AT4G34350	HDR	1	1	ortholog (RBH)
MEP	IDI family	AT5G16440	detection		Ces00791	83.2	80	73	232	80	60	291	85	316	3.04e-144	AT5G16440	IPP1	1	1	ortholog (RBH)
backbone	GGPPS family	AT4G36810	copy-number		Ces14428	71.5	80	13	298	80	74	371	1936	2232	1.39e-133	AT4G36810	GGPS1	1	1	ortholog (RBH)
backbone	GGPPS family	AT4G36810	copy-number		Ces23819	36.0	57	89	214	58	160	369	1	203	1.66e-36	AT4G38460	GGR	0	0	fragment
backbone	GGPPS family	AT4G36810	copy-number		Ces26216	36.1	69	62	263	71	87	343	91	337	3.45e-35	AT1G78510	SPS1	0	0	fragment
backbone	GGPPS family	AT4G36810	copy-number		Ces09364	45.3	30	40	117	32	117	229	2	118	3.21e-19	AT4G38460	GGR	0	0	fragment
backbone	GGPPS family	AT4G36810	copy-number		Ces13688	29.0	54	67	207	56	91	292	55	255	3.63e-17	AT3G29430		0	0	fragment
backbone	GGPPS family	AT4G36810	copy-number		Ces13689	27.9	58	69	219	59	79	292	47	254	2.38e-13	AT3G29430		0	0	fragment
core	PSY family	AT5G17230	copy-number		Ces24605	78.0	83	81	363	83	69	431	73	417	1.41e-202	AT5G17230	PSY	1	1	ortholog (RBH)
core	PSY family	AT5G17230	copy-number		Ces12497	81.0	34	95	147	34	281	427	1	147	2.04e-81	AT5G17230	PSY	1	1	partial (RBH)
core	PSY family	AT5G17230	copy-number		Ces12496	57.4	26	85	115	26	126	238	4	98	4.11e-35	AT5G17230	PSY	1	1	partial (RBH)
core	PDS family	AT4G14210	detection	CRT_desaturase	Ces19826	84.2	93	90	525	93	26	550	46	565	0.0	AT4G14210	PDS3	1	1	ortholog (RBH)
core	Z-ISO family	AT1G10830	detection		Ces00431	77.9	79	77	289	79	79	367	89	377	3.53e-170	AT1G10830	Z-ISO	1	1	ortholog (RBH)
core	ZDS family	AT3G04870	detection	CRT_desaturase	Ces25986	83.1	94	90	527	94	25	551	54	580	0.0	AT3G04870	ZDS	1	1	ortholog (RBH)
core	ZDS family	AT3G04870	detection	CRT_desaturase	Ces19826	31.2	95	86	535	96	24	551	77	577	2.57e-74	AT4G14210	PDS3	0	0	homolog
core	ZDS family	AT3G04870	detection	CRT_desaturase	Ces16580	75.8	6	17	33	6	80	112	89	121	2.39e-09	AT3G04870	ZDS	1	1	partial (RBH)
core	CRTISO family	AT1G06820	detection	CRT_desaturase	Ces10412	81.5	89	89	530	89	68	595	69	598	0.0	AT1G06820	CRTISO	1	1	ortholog (RBH)
core	CRTISO family	AT1G06820	detection	CRT_desaturase	Ces03681	31.8	84	89	535	90	79	581	63	579	4.13e-61	AT1G57770		0	0	homolog
cyclase	LCYB family	AT3G10230	detection	LCY	Ces15328	74.2	100	100	511	102	1	501	1	508	1.44e-278	AT3G10230	LYC	1	1	ortholog (RBH)
cyclase	LCYB family	AT3G10230	detection	LCY	Ces02774	38.7	86	81	447	89	52	482	85	518	3.11e-84	AT5G57030	LUT2	0	0	homolog
cyclase	LCYE family	AT5G57030	detection	LCY	Ces02774	66.7	100	100	541	103	1	524	1	537	2.78e-249	AT5G57030	LUT2	1	1	ortholog (RBH)
xanth	CYP97A family	AT1G31800	detection	CYP97	Ces10068	76.8	89	83	534	90	48	578	71	604	6.15e-302	AT1G31800	CYP97A3	1	1	ortholog (RBH)
xanth	CYP97A family	AT1G31800	detection	CYP97	Ces10516	52.5	74	73	446	75	127	569	149	592	2.47e-157	AT3G53130	LUT1	0	0	homolog
xanth	CYP97A family	AT1G31800	detection	CYP97	Ces20962	47.2	77	86	494	83	113	570	82	574	7.90e-141	AT4G15110	CYP97B3	0	0	homolog
xanth	CYP97A family	AT1G31800	detection	CYP97	Ces09535	25.1	69	76	430	72	132	543	107	515	1.12e-34	AT3G14690	CYP72A15	0	0	fragment
xanth	CYP97A family	AT1G31800	detection	CYP97	Ces15687	25.9	60	87	374	63	188	543	28	381	4.39e-35	AT3G14690	CYP72A15	0	0	fragment
xanth	CYP97A family	AT1G31800	detection	CYP97	Ces14032	26.4	66	77	439	74	152	544	87	519	1.26e-32	AT2G21910	CYP96A5	0	0	fragment
xanth	CYP97A family	AT1G31800	detection	CYP97	Ces13872	24.2	68	78	430	72	139	543	86	478	3.60e-27	AT5G24910	CYP714A1	0	0	fragment
xanth	CYP97A family	AT1G31800	detection	CYP97	Ces15693	35.5	28	55	169	28	377	543	71	236	3.57e-27	AT3G14690	CYP72A15	0	0	fragment
xanth	CYP97A family	AT1G31800	detection	CYP97	Ces23271	24.8	74	87	480	81	139	579	74	551	9.41e-25	AT2G26170	CYP711A1	0	0	homolog
xanth	CYP97A family	AT1G31800	detection	CYP97	Ces10835	34.2	26	84	155	26	393	544	4	158	2.33e-21	AT4G12300	CYP706A4	0	0	fragment
xanth	CYP97A family	AT1G31800	detection	CYP97	Ces10838	34.2	24	84	146	25	399	541	1	146	1.01e-19	AT4G12300	CYP706A4	0	0	fragment
xanth	CYP97A family	AT1G31800	detection	CYP97	Ces10831	31.8	26	88	154	26	393	544	4	157	1.03e-19	AT4G22710	CYP706A2	0	0	fragment
xanth	CYP97A family	AT1G31800	detection	CYP97	Ces22254	54.2	14	26	83	14	134	216	162	220	6.36e-17	AT1G69620	RPL34	0	0	fragment
xanth	CYP97A family	AT1G31800	detection	CYP97	Ces27677	30.7	15	83	88	15	483	569	17	103	1.85e-06	AT2G26170	CYP711A1	0	0	fragment
xanth	CYP97C family	AT3G53130	detection	CYP97	Ces10516	80.0	90	79	485	90	55	539	110	592	6.71e-286	AT3G53130	LUT1	1	1	ortholog (RBH)
xanth	CYP97C family	AT3G53130	detection	CYP97	Ces10068	51.8	87	73	473	88	69	539	129	595	9.99e-158	AT1G31800	CYP97A3	0	0	homolog
xanth	CYP97C family	AT3G53130	detection	CYP97	Ces20962	45.6	84	84	487	90	89	539	89	573	2.29e-130	AT4G15110	CYP97B3	0	0	homolog
xanth	CYP97C family	AT3G53130	detection	CYP97	Ces19588	28.6	77	78	426	79	102	514	88	488	8.39e-35	AT3G14690	CYP72A15	0	0	homolog
xanth	CYP97C family	AT3G53130	detection	CYP97	Ces12693	25.1	81	82	455	84	102	538	94	526	4.44e-32	AT3G14690	CYP72A15	0	0	homolog
xanth	CYP97C family	AT3G53130	detection	CYP97	Ces09535	27.2	77	76	427	79	101	514	107	515	9.17e-32	AT3G14690	CYP72A15	0	0	homolog
xanth	CYP97C family	AT3G53130	detection	CYP97	Ces12692	27.8	79	80	443	82	105	531	97	518	2.71e-31	AT3G14680	CYP72A14	0	0	homolog
xanth	CYP97C family	AT3G53130	detection	CYP97	Ces10850	25.3	80	79	446	83	102	531	108	532	1.87e-30	AT3G14690	CYP72A15	0	0	homolog
xanth	CYP97C family	AT3G53130	detection	CYP97	Ces15695	26.8	77	76	429	80	101	514	107	515	6.19e-30	AT3G14690	CYP72A15	0	0	homolog
xanth	CYP97C family	AT3G53130	detection	CYP97	Ces12690	25.7	77	78	428	79	105	517	97	504	1.01e-29	AT3G14680	CYP72A14	0	0	homolog
xanth	CYP97C family	AT3G53130	detection	CYP97	Ces15689	26.0	77	76	430	80	101	514	108	516	4.05e-28	AT3G14690	CYP72A15	0	0	homolog
xanth	CYP97C family	AT3G53130	detection	CYP97	Ces20869	28.5	72	92	397	74	124	509	3	378	6.70e-28	AT5G38450	CYP735A1	0	0	homolog
xanth	CYP97C family	AT3G53130	detection	CYP97	Ces19590	38.1	33	47	181	34	347	526	186	363	4.86e-27	AT3G14620	CYP72A8	0	0	fragment
xanth	CYP97C family	AT3G53130	detection	CYP97	Ces15693	38.5	31	55	169	31	347	514	71	236	3.11e-26	AT3G14690	CYP72A15	0	0	fragment
xanth	CYP97C family	AT3G53130	detection	CYP97	Ces24687	22.8	81	83	478	89	101	539	90	551	2.17e-24	AT5G23190	CYP86B1	0	0	homolog
xanth	CYP97C family	AT3G53130	detection	CYP97	Ces15700	33.2	36	72	196	36	320	514	50	236	2.19e-25	AT3G14690	CYP72A15	0	0	fragment
xanth	CYP97C family	AT3G53130	detection	CYP97	Ces24015	31.4	31	32	172	32	341	509	320	490	2.62e-20	AT3G48280	CYP71A25	0	0	fragment
xanth	CYP97C family	AT3G53130	detection	CYP97	Ces02438	34.7	31	44	170	32	347	514	172	338	5.65e-20	AT2G26710	BAS1	0	0	fragment
xanth	CYP97C family	AT3G53130	detection	CYP97	Ces08723	33.0	37	38	200	37	318	515	285	473	2.28e-17	AT3G26310	CYP71B35	0	0	fragment
xanth	CYP97C family	AT3G53130	detection	CYP97	Ces08121	22.8	34	42	241	45	330	515	300	540	8.36e-08	AT5G05690	CPD	0	0	fragment
xanth	BCH family	AT4G25700	detection		Ces06731	67.9	86	80	277	89	43	309	68	344	1.72e-133	AT4G25700	BETA-OHASE 1	1	1	ortholog (RBH)
xanth	BCH family	AT4G25700	detection		Ces06730	60.0	44	44	135	44	81	215	110	224	3.41e-49	AT4G25700	BETA-OHASE 1	1	1	partial (RBH)
xanth	ZEP family	AT5G67030	detection		Ces08057	70.2	84	84	590	88	89	650	98	687	1.26e-301	AT5G67030	ABA1	1	1	ortholog (RBH)
xanth	ZEP family	AT5G67030	detection		Ces08050	75.9	8	33	54	8	90	143	1	54	1.10e-18	AT5G67030	ABA1	1	1	partial (RBH)
xanth	ZEP family	AT5G67030	detection		Ces23772	31.2	33	50	234	35	185	404	143	368	2.72e-16	AT4G38540		0	0	fragment
xanth	ZEP family	AT5G67030	detection		Ces11277	23.9	53	84	372	56	89	441	18	369	3.64e-12	AT4G38540		0	0	fragment
xanth	VDE family	AT1G08550	detection		Ces22533	75.8	79	73	364	79	99	462	131	489	4.14e-204	AT1G08550	NPQ1	1	1	ortholog (RBH)
xanth	NSX family	AT1G67080	detection		Ces00503	66.3	79	62	175	80	40	212	99	272	2.59e-77	AT1G67080	ABA4	1	1	ortholog (RBH)
degrade	CCD1 family	AT3G63520	detection	CCD	Ces00245	77.1	98	96	528	98	11	535	20	546	3.76e-310	AT3G63520	CCD1	1	1	ortholog (RBH)
degrade	CCD1 family	AT3G63520	detection	CCD	Ces11733	38.1	96	82	538	100	22	535	117	632	5.71e-111	AT3G14440	NCED3	0	0	homolog
degrade	CCD1 family	AT3G63520	detection	CCD	Ces27429	38.1	96	82	538	100	22	535	116	631	1.55e-110	AT3G14440	NCED3	0	0	homolog
degrade	CCD1 family	AT3G63520	detection	CCD	Ces28200	38.8	91	78	513	95	44	535	141	630	1.66e-109	AT3G14440	NCED3	0	0	homolog
degrade	CCD1 family	AT3G63520	detection	CCD	Ces16312	38.6	91	78	513	95	44	535	141	630	2.34e-109	AT3G14440	NCED3	0	0	homolog
degrade	CCD1 family	AT3G63520	detection	CCD	Ces10063	37.8	96	85	539	100	18	535	91	607	6.09e-103	AT3G14440	NCED3	0	0	homolog
degrade	CCD1 family	AT3G63520	detection	CCD	Ces13251	37.3	97	84	539	100	16	535	101	628	1.66e-101	AT4G19170	NCED4	0	0	homolog
degrade	CCD1 family	AT3G63520	detection	CCD	Ces13250	38.6	78	91	427	79	115	535	38	454	7.04e-89	AT4G19170	NCED4	0	0	homolog
degrade	CCD1 family	AT3G63520	detection	CCD	Ces03723	33.7	92	56	517	96	16	510	103	602	9.89e-74	AT4G19170	NCED4	0	0	homolog
degrade	CCD1 family	AT3G63520	detection	CCD	Ces23919	66.7	7	12	39	7	339	377	87	125	6.79e-10	AT4G10500		0	0	fragment
degrade	CCD4 family	AT4G19170	copy-number	CCD	Ces13251	61.9	88	84	536	90	70	592	98	625	7.00e-233	AT4G19170	NCED4	1	1	ortholog (RBH)
degrade	CCD4 family	AT4G19170	copy-number	CCD	Ces03723	52.8	84	56	511	86	72	570	100	602	7.21e-173	AT4G19170	NCED4	1	1	ortholog (RBH)
degrade	CCD4 family	AT4G19170	copy-number	CCD	Ces13250	61.6	69	90	417	70	181	592	41	451	8.29e-178	AT4G19170	NCED4	1	1	partial (RBH)
degrade	CCD4 family	AT4G19170	copy-number	CCD	Ces27429	41.1	86	81	525	88	82	592	117	628	2.45e-120	AT3G14440	NCED3	0	0	homolog
degrade	CCD4 family	AT4G19170	copy-number	CCD	Ces11733	41.1	86	81	525	88	82	592	118	629	2.52e-120	AT3G14440	NCED3	0	0	homolog
degrade	CCD4 family	AT4G19170	copy-number	CCD	Ces09230	40.2	86	80	522	88	82	593	124	632	2.67e-120	AT3G14440	NCED3	0	0	homolog
degrade	CCD4 family	AT4G19170	copy-number	CCD	Ces16312	39.9	86	81	526	88	82	592	115	627	4.48e-117	AT3G14440	NCED3	0	0	homolog
degrade	CCD4 family	AT4G19170	copy-number	CCD	Ces28200	39.7	86	81	526	88	82	592	115	627	6.32e-117	AT3G14440	NCED3	0	0	homolog
degrade	CCD4 family	AT4G19170	copy-number	CCD	Ces10063	39.0	88	86	536	90	73	594	87	606	1.06e-111	AT3G14440	NCED3	0	0	homolog
degrade	CCD4 family	AT4G19170	copy-number	CCD	Ces00245	37.0	87	95	535	90	76	594	26	545	1.53e-100	AT3G63520	CCD1	0	0	homolog
degrade	CCD4 family	AT4G19170	copy-number	CCD	Ces05879	53.8	22	71	143	24	77	209	17	158	4.43e-40	AT4G19170	NCED4	1	1	partial (RBH)
degrade	NCED family	AT3G14440	copy-number	CCD	Ces09230	72.0	85	81	518	86	87	597	118	634	2.18e-280	AT3G14440	NCED3	1	1	ortholog (RBH)
degrade	NCED family	AT3G14440	copy-number	CCD	Ces11733	70.6	85	82	521	87	87	597	112	632	1.60e-272	AT3G14440	NCED3	1	1	ortholog (RBH)
degrade	NCED family	AT3G14440	copy-number	CCD	Ces27429	70.4	85	82	521	87	87	597	111	631	3.60e-271	AT3G14440	NCED3	1	1	ortholog (RBH)
degrade	NCED family	AT3G14440	copy-number	CCD	Ces16312	67.4	87	84	534	89	75	597	98	630	4.01e-270	AT3G14440	NCED3	1	1	ortholog (RBH)
degrade	NCED family	AT3G14440	copy-number	CCD	Ces28200	67.2	87	84	534	89	75	597	98	630	5.69e-270	AT3G14440	NCED3	1	1	ortholog (RBH)
degrade	NCED family	AT3G14440	copy-number	CCD	Ces10063	61.6	86	85	524	87	86	597	89	607	6.17e-227	AT3G14440	NCED3	1	1	ortholog (RBH)
degrade	NCED family	AT3G14440	copy-number	CCD	Ces13251	40.6	80	79	505	84	116	597	131	628	2.48e-117	AT4G19170	NCED4	0	0	homolog
degrade	NCED family	AT3G14440	copy-number	CCD	Ces00245	38.9	84	94	530	88	94	597	33	546	1.01e-113	AT3G63520	CCD1	0	0	homolog
degrade	NCED family	AT3G14440	copy-number	CCD	Ces13250	40.8	68	91	424	71	189	597	38	454	2.30e-101	AT4G19170	NCED4	0	0	fragment
degrade	NCED family	AT3G14440	copy-number	CCD	Ces03723	36.7	81	56	509	85	93	578	110	610	2.11e-92	AT4G19170	NCED4	0	0	homolog
sink	ORANGE	AT5G61670	presence		Ces06664	70.3	99	99	330	107	5	307	5	325	4.87e-135	AT5G61670		1	1	ortholog (RBH)
sink	ORANGE	AT5G61670	presence		Ces26954	73.5	80	75	245	80	63	307	84	327	5.30e-103	AT5G06130		0	0	homolog
sink	ORANGE-like	AT5G06130	presence		Ces26954	73.3	84	80	266	84	50	315	68	327	7.14e-108	AT5G06130		1	1	ortholog (RBH)
sink	ORANGE-like	AT5G06130	presence		Ces06664	67.6	81	79	259	82	62	315	70	325	1.86e-97	AT5G61670		0	0	homolog
sink	fibrillin	AT4G04020	presence		Ces17304	57.7	100	100	336	106	1	317	1	334	3.05e-119	AT4G04020	FIB	1	1	ortholog (RBH)
sink	fibrillin	AT4G04020	presence		Ces06475	49.0	81	66	261	82	60	317	129	375	3.15e-79	AT2G35490		0	0	homolog
