at_locus	kegg_name	bucket	decision	reason
AT2G36305	FACE2; farnesylated protein-converting enzyme 2	mevalonate / cytosolic	exclude	protein prenylation
AT2G38700	MVD1; mevalonate diphosphate decarboxylase 1	mevalonate / cytosolic	exclude	cytosolic MVA pathway, not the plastidial MEP pathway
AT3G59380	FTA; farnesyltransferase A	mevalonate / cytosolic	exclude	protein prenylation, not isoprenoid biosynthesis
AT4G11820	HMGS; hydroxymethylglutaryl-CoA synthase / HMG-CoA synthase / 3-hydroxy-3-methylglutaryl coenzyme A synthase	mevalonate / cytosolic	exclude	cytosolic MVA pathway
AT4G17190	FPS2; farnesyl diphosphate synthase 2	mevalonate / cytosolic	outparalog	cytosolic MVA; excluded from scope, proposed as the GGPPS outparalog
AT5G27450	MK; mevalonate kinase	mevalonate / cytosolic	exclude	cytosolic MVA pathway, not the plastidial MEP pathway
AT5G47720	AACT1; Thiolase family protein	mevalonate / cytosolic	exclude	cytosolic MVA pathway
AT5G47770	FPS1; farnesyl diphosphate synthase 1	mevalonate / cytosolic	outparalog	cytosolic MVA; excluded from scope, proposed as the GGPPS outparalog
AT5G48230	ACAT2; acetoacetyl-CoA thiolase 2	mevalonate / cytosolic	exclude	cytosolic MVA pathway
AT5G63910	FCLY; farnesylcysteine lyase	mevalonate / cytosolic	exclude	protein prenylation
AT1G52400	BGLU18; beta glucosidase 18	abscisic acid, downstream of NCED	exclude	ABA-glucose ester hydrolysis, downstream of NCED
AT2G27150	AAO3; abscisic aldehyde oxidase 3	abscisic acid, downstream of NCED	exclude	ABA biosynthesis, downstream of NCED
AT2G29090	CYP707A2; cytochrome P450, family 707, subfamily A, polypeptide 2	abscisic acid, downstream of NCED	exclude	ABA 8'-hydroxylase; ABA catabolism, downstream of the inventory
AT3G19270	CYP707A4; cytochrome P450, family 707, subfamily A, polypeptide 4	abscisic acid, downstream of NCED	exclude	ABA 8'-hydroxylase; ABA catabolism, downstream of the inventory
AT4G19230	CYP707A1; cytochrome P450, family 707, subfamily A, polypeptide 1	abscisic acid, downstream of NCED	exclude	ABA 8'-hydroxylase; ABA catabolism, downstream of the inventory
AT5G45340	CYP707A3; cytochrome P450, family 707, subfamily A, polypeptide 3	abscisic acid, downstream of NCED	exclude	ABA 8'-hydroxylase; ABA catabolism, downstream of the inventory
AT1G03055	D27; beta-carotene isomerase D27-like protein	carotenoid cleavage / apocarotenoid	exclude	first committed step of strigolactone biosynthesis, not carotenoid accumulation
AT1G30100	NCED5; nine-cis-epoxycarotenoid dioxygenase 5	carotenoid cleavage / apocarotenoid	family-member	member of the NCED family; recovered by the NCED family search
AT1G78390	NCED9; nine-cis-epoxycarotenoid dioxygenase 9	carotenoid cleavage / apocarotenoid	family-member	member of the NCED family; recovered by the NCED family search
AT2G44990	CCD7; carotenoid cleavage dioxygenase 7	carotenoid cleavage / apocarotenoid	outparalog	strigolactone branch; excluded from scope, used as the CCD4 and NCED outparalog
AT3G24220	NCED6; nine-cis-epoxycarotenoid dioxygenase 6	carotenoid cleavage / apocarotenoid	family-member	member of the NCED family; recovered by the NCED family search
AT4G18350	NCED2; nine-cis-epoxycarotenoid dioxygenase 2	carotenoid cleavage / apocarotenoid	family-member	member of the NCED family; recovered by the NCED family search
AT4G32810	CCD8; carotenoid cleavage dioxygenase 8	carotenoid cleavage / apocarotenoid	outparalog	strigolactone branch; excluded from scope, used as the CCD4 and NCED outparalog
AT4G01320	ATSTE24; Peptidase family M48 family protein	protein prenylation	exclude	CAAX protease, protein prenylation
AT4G36470	S-adenosyl-L-methionine-dependent methyltransferases superfamily protein	protein prenylation	exclude	SAM-dependent methyltransferase superfamily; protein prenylation processing
AT5G08335	ATSTE14B; Isoprenylcysteine carboxyl methyltransferase (ICMT) family	protein prenylation	exclude	protein prenylation
AT5G15860	PCME; prenylcysteine methylesterase	protein prenylation	exclude	protein prenylation
AT5G23320	STE14A; S-isoprenylcysteine O-methyltransferase	protein prenylation	exclude	protein prenylation
AT1G11755	LEW1; Undecaprenyl pyrophosphate synthetase family protein	prenyl / polyprenyl diphosphate	exclude	cis-prenyltransferase; dolichol synthesis, not GGPP
AT1G17050	SPS2; solanesyl diphosphate synthase 2	prenyl / polyprenyl diphosphate	exclude	plastoquinone side chain, not GGPP
AT1G49530	GGPS6; geranylgeranyl pyrophosphate synthase 6	prenyl / polyprenyl diphosphate	family-member	member of the GGPPS family; recovered by the GGPPS family search
AT1G78510	SPS1; solanesyl diphosphate synthase 1	prenyl / polyprenyl diphosphate	exclude	plastoquinone side chain, not GGPP
AT2G17570	cPT1; Undecaprenyl pyrophosphate synthetase family protein	prenyl / polyprenyl diphosphate	exclude	cis-prenyltransferase; dolichol synthesis, not GGPP
AT2G18640	GGPS4; geranylgeranyl pyrophosphate synthase 4	prenyl / polyprenyl diphosphate	family-member	member of the GGPPS family; recovered by the GGPPS family search
AT2G23400	Undecaprenyl pyrophosphate synthetase family protein	prenyl / polyprenyl diphosphate	exclude	cis-prenyltransferase; dolichol synthesis, not GGPP
AT2G23410	CPT; cis-prenyltransferase	prenyl / polyprenyl diphosphate	exclude	dolichol synthesis, not GGPP
AT2G23800	GGPS2; geranylgeranyl pyrophosphate synthase 2	prenyl / polyprenyl diphosphate	family-member	member of the GGPPS family; recovered by the GGPPS family search
AT2G34630	GPS1; geranyl diphosphate synthase 1	prenyl / polyprenyl diphosphate	exclude	geranyl diphosphate synthase; makes C10 GPP, not the C20 GGPP PSY condenses. If the GGPPS family search recovers its orthologs, tree A places them
AT3G02780	IPP2; isopentenyl pyrophosphate:dimethylallyl pyrophosphate isomerase 2	prenyl / polyprenyl diphosphate	family-member	member of the IDI family; recovered by the IDI family search
AT3G14510	Polyprenyl synthetase family protein	prenyl / polyprenyl diphosphate	exclude	unnamed polyprenyl or terpenoid synthase. Not added as a target: if it is a GGPPS family member the GGPPS family search recovers it and tree A places it; if it is not, it is out of scope
AT3G14550	GGPS3; geranylgeranyl pyrophosphate synthase 3	prenyl / polyprenyl diphosphate	family-member	member of the GGPPS family; recovered by the GGPPS family search
AT4G38460	GGR; geranylgeranyl reductase	prenyl / polyprenyl diphosphate	exclude	geranylgeranyl reductase; competing GGPP sink for chlorophyll and tocopherol. Excluded because GGPP also feeds gibberellins and protein geranylgeranylation, and a scope that admits one competing sink admits all. Noted for the Part 2 flux discussion
AT5G40280	ERA1; Prenyltransferase family protein	prenyl / polyprenyl diphosphate	exclude	protein farnesyltransferase beta subunit; protein prenylation
AT5G58770	cPT4; Undecaprenyl pyrophosphate synthetase family protein	prenyl / polyprenyl diphosphate	exclude	cis-prenyltransferase; dolichol synthesis, not GGPP
AT5G58780	cPT5; Undecaprenyl pyrophosphate synthetase family protein	prenyl / polyprenyl diphosphate	exclude	cis-prenyltransferase; dolichol synthesis, not GGPP
AT5G58782	cPT6; Undecaprenyl pyrophosphate synthetase family protein	prenyl / polyprenyl diphosphate	exclude	cis-prenyltransferase; dolichol synthesis, not GGPP
AT5G58784	Undecaprenyl pyrophosphate synthetase family protein	prenyl / polyprenyl diphosphate	exclude	cis-prenyltransferase; dolichol synthesis, not GGPP
AT5G60500	cPT8; Undecaprenyl pyrophosphate synthetase family protein	prenyl / polyprenyl diphosphate	exclude	cis-prenyltransferase; dolichol synthesis, not GGPP
AT5G60510	cPT9; Undecaprenyl pyrophosphate synthetase family protein	prenyl / polyprenyl diphosphate	exclude	cis-prenyltransferase; dolichol synthesis, not GGPP
AT1G26120	ICME-LIKE1; alpha/beta-Hydrolases superfamily protein	unclassified	exclude	prenylcysteine methylesterase-like; protein prenylation
AT1G26640	Amino acid kinase family protein	unclassified	exclude	amino acid kinase family; in ath00900 but not the MEP chain
AT1G31910	GHMP kinase family protein	unclassified	exclude	GHMP kinase family; mevalonate or phosphomevalonate kinase, cytosolic MVA
AT1G52340	ABA2; NAD(P)-binding Rossmann-fold superfamily protein	unclassified	exclude	xanthoxin dehydrogenase; ABA biosynthesis, downstream of NCED
AT1G74470	Pyridine nucleotide-disulfide oxidoreductase family protein	unclassified	exclude	pyridine nucleotide-disulfide oxidoreductase; not a carotenoid or MEP enzyme
AT1G76490	HMG1; hydroxy methylglutaryl CoA reductase 1	unclassified	exclude	cytosolic MVA pathway
AT2G17370	HMG2; 3-hydroxy-3-methylglutaryl-CoA reductase 2	unclassified	exclude	cytosolic MVA pathway
AT2G18620	Terpenoid synthases superfamily protein	unclassified	exclude	unnamed polyprenyl or terpenoid synthase. Not added as a target: if it is a GGPPS family member the GGPPS family search recovers it and tree A places it; if it is not, it is out of scope
AT2G26170	CYP711A1; cytochrome P450, family 711, subfamily A, polypeptide 1	unclassified	exclude	MAX1; strigolactone biosynthesis
AT3G02410	ICME-LIKE2; alpha/beta-Hydrolases superfamily protein	unclassified	exclude	prenylcysteine methylesterase-like; protein prenylation
AT3G14530	Terpenoid synthases superfamily protein	unclassified	exclude	unnamed polyprenyl or terpenoid synthase. Not added as a target: if it is a GGPPS family member the GGPPS family search recovers it and tree A places it; if it is not, it is out of scope
AT3G20160	Terpenoid synthases superfamily protein	unclassified	exclude	unnamed polyprenyl or terpenoid synthase. Not added as a target: if it is a GGPPS family member the GGPPS family search recovers it and tree A places it; if it is not, it is out of scope
AT3G21420	LBO1; 2-oxoglutarate (2OG) and Fe(II)-dependent oxygenase superfamily protein	unclassified	exclude	LBO1; strigolactone biosynthesis
AT3G21500	DXPS1; 1-deoxy-D-xylulose 5-phosphate synthase 1	unclassified	family-member	member of the DXS family; recovered by the DXS family search
AT3G29430	Terpenoid synthases superfamily protein	unclassified	exclude	unnamed polyprenyl or terpenoid synthase. Not added as a target: if it is a GGPPS family member the GGPPS family search recovers it and tree A places it; if it is not, it is out of scope
AT3G32040	Terpenoid synthases superfamily protein	unclassified	exclude	unnamed polyprenyl or terpenoid synthase. Not added as a target: if it is a GGPPS family member the GGPPS family search recovers it and tree A places it; if it is not, it is out of scope
AT3G54250	GHMP kinase family protein	unclassified	exclude	GHMP kinase family; cytosolic MVA
AT4G33360	FLDH; NAD(P)-binding Rossmann-fold superfamily protein	unclassified	exclude	ABA-related short-chain dehydrogenase; downstream of NCED
AT5G11380	DXPS3; 1-deoxy-D-xylulose 5-phosphate synthase 3	unclassified	family-member	member of the DXS family; recovered by the DXS family search
AT5G58560	FOLK; Phosphatidate cytidylyltransferase family protein	unclassified	exclude	farnesol kinase; isoprenoid salvage, not the MEP chain
