at_locus	kegg_name	bucket	suggestion	decision	reason
AT2G36305	FACE2; farnesylated protein-converting enzyme 2	mevalonate / cytosolic	exclude — cytosolic MVA, not the plastidial MEP pathway		
AT2G38700	MVD1; mevalonate diphosphate decarboxylase 1	mevalonate / cytosolic	exclude — cytosolic MVA, not the plastidial MEP pathway		
AT3G59380	FTA; farnesyltransferase A	mevalonate / cytosolic	exclude — cytosolic MVA, not the plastidial MEP pathway		
AT4G11820	HMGS; hydroxymethylglutaryl-CoA synthase / HMG-CoA synthase / 3-hydroxy-3-methylglutaryl coenzyme A synthase	mevalonate / cytosolic	exclude — cytosolic MVA, not the plastidial MEP pathway		
AT4G17190	FPS2; farnesyl diphosphate synthase 2	mevalonate / cytosolic	exclude — cytosolic MVA, not the plastidial MEP pathway		
AT5G27450	MK; mevalonate kinase	mevalonate / cytosolic	exclude — cytosolic MVA, not the plastidial MEP pathway		
AT5G47770	FPS1; farnesyl diphosphate synthase 1	mevalonate / cytosolic	exclude — cytosolic MVA, not the plastidial MEP pathway		
AT5G63910	FCLY; farnesylcysteine lyase	mevalonate / cytosolic	exclude — cytosolic MVA, not the plastidial MEP pathway		
AT2G27150	AAO3; abscisic aldehyde oxidase 3	abscisic acid, downstream of NCED	exclude — downstream of the inventory's scope		
AT1G30100	NCED5; nine-cis-epoxycarotenoid dioxygenase 5	carotenoid cleavage / apocarotenoid	REVIEW — same family as CCD4 and NCED		
AT1G78390	NCED9; nine-cis-epoxycarotenoid dioxygenase 9	carotenoid cleavage / apocarotenoid	REVIEW — same family as CCD4 and NCED		
AT2G44990	CCD7; carotenoid cleavage dioxygenase 7	carotenoid cleavage / apocarotenoid	REVIEW — same family as CCD4 and NCED		
AT3G24220	NCED6; nine-cis-epoxycarotenoid dioxygenase 6	carotenoid cleavage / apocarotenoid	REVIEW — same family as CCD4 and NCED		
AT4G18350	NCED2; nine-cis-epoxycarotenoid dioxygenase 2	carotenoid cleavage / apocarotenoid	REVIEW — same family as CCD4 and NCED		
AT4G32810	CCD8; carotenoid cleavage dioxygenase 8	carotenoid cleavage / apocarotenoid	REVIEW — same family as CCD4 and NCED		
AT1G11755	LEW1; Undecaprenyl pyrophosphate synthetase family protein	prenyl / polyprenyl diphosphate	REVIEW — only those feeding GGPP belong		
AT1G17050	SPS2; solanesyl diphosphate synthase 2	prenyl / polyprenyl diphosphate	REVIEW — only those feeding GGPP belong		
AT1G49530	GGPS6; geranylgeranyl pyrophosphate synthase 6	prenyl / polyprenyl diphosphate	REVIEW — only those feeding GGPP belong		
AT1G78510	SPS1; solanesyl diphosphate synthase 1	prenyl / polyprenyl diphosphate	REVIEW — only those feeding GGPP belong		
AT2G17570	cPT1; Undecaprenyl pyrophosphate synthetase family protein	prenyl / polyprenyl diphosphate	REVIEW — only those feeding GGPP belong		
AT2G18640	GGPS4; geranylgeranyl pyrophosphate synthase 4	prenyl / polyprenyl diphosphate	REVIEW — only those feeding GGPP belong		
AT2G23400	Undecaprenyl pyrophosphate synthetase family protein	prenyl / polyprenyl diphosphate	REVIEW — only those feeding GGPP belong		
AT2G23410	CPT; cis-prenyltransferase	prenyl / polyprenyl diphosphate	REVIEW — only those feeding GGPP belong		
AT2G23800	GGPS2; geranylgeranyl pyrophosphate synthase 2	prenyl / polyprenyl diphosphate	REVIEW — only those feeding GGPP belong		
AT2G34630	GPS1; geranyl diphosphate synthase 1	prenyl / polyprenyl diphosphate	REVIEW — only those feeding GGPP belong		
AT3G02780	IPP2; isopentenyl pyrophosphate:dimethylallyl pyrophosphate isomerase 2	prenyl / polyprenyl diphosphate	REVIEW — only those feeding GGPP belong		
AT3G14510	Polyprenyl synthetase family protein	prenyl / polyprenyl diphosphate	REVIEW — only those feeding GGPP belong		
AT3G14550	GGPS3; geranylgeranyl pyrophosphate synthase 3	prenyl / polyprenyl diphosphate	REVIEW — only those feeding GGPP belong		
AT4G38460	GGR; geranylgeranyl reductase	prenyl / polyprenyl diphosphate	REVIEW — only those feeding GGPP belong		
AT5G08335	ATSTE14B; Isoprenylcysteine carboxyl methyltransferase (ICMT) family	prenyl / polyprenyl diphosphate	REVIEW — only those feeding GGPP belong		
AT5G15860	PCME; prenylcysteine methylesterase	prenyl / polyprenyl diphosphate	REVIEW — only those feeding GGPP belong		
AT5G16440	IPP1; isopentenyl diphosphate isomerase 1	prenyl / polyprenyl diphosphate	REVIEW — only those feeding GGPP belong		
AT5G23320	STE14A; S-isoprenylcysteine O-methyltransferase	prenyl / polyprenyl diphosphate	REVIEW — only those feeding GGPP belong		
AT5G40280	ERA1; Prenyltransferase family protein	prenyl / polyprenyl diphosphate	REVIEW — only those feeding GGPP belong		
AT5G58770	cPT4; Undecaprenyl pyrophosphate synthetase family protein	prenyl / polyprenyl diphosphate	REVIEW — only those feeding GGPP belong		
AT5G58780	cPT5; Undecaprenyl pyrophosphate synthetase family protein	prenyl / polyprenyl diphosphate	REVIEW — only those feeding GGPP belong		
AT5G58782	cPT6; Undecaprenyl pyrophosphate synthetase family protein	prenyl / polyprenyl diphosphate	REVIEW — only those feeding GGPP belong		
AT5G58784	Undecaprenyl pyrophosphate synthetase family protein	prenyl / polyprenyl diphosphate	REVIEW — only those feeding GGPP belong		
AT5G60500	cPT8; Undecaprenyl pyrophosphate synthetase family protein	prenyl / polyprenyl diphosphate	REVIEW — only those feeding GGPP belong		
AT5G60510	cPT9; Undecaprenyl pyrophosphate synthetase family protein	prenyl / polyprenyl diphosphate	REVIEW — only those feeding GGPP belong		
AT1G03055	D27; beta-carotene isomerase D27-like protein	carotenoid biosynthesis proper	REVIEW — likely belongs		
AT1G26120	ICME-LIKE1; alpha/beta-Hydrolases superfamily protein	unclassified	REVIEW — read the description		
AT1G26640	Amino acid kinase family protein	unclassified	REVIEW — read the description		
AT1G31910	GHMP kinase family protein	unclassified	REVIEW — read the description		
AT1G52340	ABA2; NAD(P)-binding Rossmann-fold superfamily protein	unclassified	REVIEW — read the description		
AT1G52400	BGLU18; beta glucosidase 18	unclassified	REVIEW — read the description		
AT1G74470	Pyridine nucleotide-disulfide oxidoreductase family protein	unclassified	REVIEW — read the description		
AT1G76490	HMG1; hydroxy methylglutaryl CoA reductase 1	unclassified	REVIEW — read the description		
AT2G17370	HMG2; 3-hydroxy-3-methylglutaryl-CoA reductase 2	unclassified	REVIEW — read the description		
AT2G18620	Terpenoid synthases superfamily protein	unclassified	REVIEW — read the description		
AT2G26170	CYP711A1; cytochrome P450, family 711, subfamily A, polypeptide 1	unclassified	REVIEW — read the description		
AT2G29090	CYP707A2; cytochrome P450, family 707, subfamily A, polypeptide 2	unclassified	REVIEW — read the description		
AT3G02410	ICME-LIKE2; alpha/beta-Hydrolases superfamily protein	unclassified	REVIEW — read the description		
AT3G14530	Terpenoid synthases superfamily protein	unclassified	REVIEW — read the description		
AT3G19270	CYP707A4; cytochrome P450, family 707, subfamily A, polypeptide 4	unclassified	REVIEW — read the description		
AT3G20160	Terpenoid synthases superfamily protein	unclassified	REVIEW — read the description		
AT3G21420	LBO1; 2-oxoglutarate (2OG) and Fe(II)-dependent oxygenase superfamily protein	unclassified	REVIEW — read the description		
AT3G21500	DXPS1; 1-deoxy-D-xylulose 5-phosphate synthase 1	unclassified	REVIEW — read the description		
AT3G29430	Terpenoid synthases superfamily protein	unclassified	REVIEW — read the description		
AT3G32040	Terpenoid synthases superfamily protein	unclassified	REVIEW — read the description		
AT3G54250	GHMP kinase family protein	unclassified	REVIEW — read the description		
AT4G01320	ATSTE24; Peptidase family M48 family protein	unclassified	REVIEW — read the description		
AT4G19230	CYP707A1; cytochrome P450, family 707, subfamily A, polypeptide 1	unclassified	REVIEW — read the description		
AT4G33360	FLDH; NAD(P)-binding Rossmann-fold superfamily protein	unclassified	REVIEW — read the description		
AT4G36470	S-adenosyl-L-methionine-dependent methyltransferases superfamily protein	unclassified	REVIEW — read the description		
AT5G11380	DXPS3; 1-deoxy-D-xylulose 5-phosphate synthase 3	unclassified	REVIEW — read the description		
AT5G45340	CYP707A3; cytochrome P450, family 707, subfamily A, polypeptide 3	unclassified	REVIEW — read the description		
AT5G47720	AACT1; Thiolase family protein	unclassified	REVIEW — read the description		
AT5G48230	ACAT2; acetoacetyl-CoA thiolase 2	unclassified	REVIEW — read the description		
AT5G58560	FOLK; Phosphatidate cytidylyltransferase family protein	unclassified	REVIEW — read the description		
