step	gene	at_locus	taro_gene	identity	coverage_pct	evalue	call
MEP	DXS	AT4G15560	Ces23591	87.8	93	0.0	ortholog (RBH)
MEP	DXS	AT4G15560	Ces01305	73.5	91	0.0	ortholog (RBH)
MEP	DXS	AT4G15560	Ces01303	74.0	73	3.40e-289	ortholog (RBH)
MEP	DXS	AT4G15560	Ces01301	51.4	87	2.79e-203	ortholog (RBH)
MEP	DXS	AT4G15560	Ces02309	76.2	33	1.76e-125	partial (RBH)
MEP	DXR	AT5G62790	Ces17928	78.4	98	2.44e-269	ortholog (RBH)
MEP	MCT	AT2G02500	Ces20920	72.5	78	6.82e-110	ortholog (RBH)
MEP	CMK	AT2G26930	Ces18096	69.4	96	1.44e-187	ortholog (RBH)
MEP	MDS	AT1G63970	Ces06836	86.1	72	3.75e-104	ortholog (RBH)
MEP	HDS	AT5G60600	Ces25286	84.5	94	0.0	ortholog (RBH)
MEP	HDR	AT4G34350	Ces00461	78.2	95	1.41e-263	ortholog (RBH)
MEP	HDR	AT4G34350	Ces01140	78.0	95	3.70e-262	ortholog (RBH)
backbone	GGPPS11	AT4G36810	Ces14428	71.5	80	1.39e-133	ortholog (RBH)
backbone	GGPPS11	AT4G36810	Ces23819	36.0	58	1.66e-36	fragment
backbone	GGPPS11	AT4G36810	Ces26216	36.1	71	3.45e-35	homolog
backbone	GGPPS11	AT4G36810	Ces09364	45.3	32	3.21e-19	fragment
backbone	GGPPS11	AT4G36810	Ces13688	29.0	56	3.63e-17	fragment
core	PSY	AT5G17230	Ces24605	78.0	83	1.41e-202	ortholog (RBH)
core	PSY	AT5G17230	Ces12497	81.0	34	2.04e-81	partial (RBH)
core	PSY	AT5G17230	Ces12496	57.4	26	4.11e-35	partial (RBH)
core	PDS3	AT4G14210	Ces19826	84.2	93	0.0	ortholog (RBH)
core	Z-ISO	AT1G10830	Ces00431	77.9	79	3.53e-170	ortholog (RBH)
core	ZDS	AT3G04870	Ces25986	83.1	94	0.0	ortholog (RBH)
core	ZDS	AT3G04870	Ces19826	31.2	96	2.57e-74	homolog
core	ZDS	AT3G04870	Ces16580	75.8	6	2.39e-09	partial (RBH)
core	CRTISO	AT1G06820	Ces10412	81.5	89	0.0	ortholog (RBH)
core	CRTISO	AT1G06820	Ces03681	31.8	90	4.13e-61	homolog
cyclase	LCYB	AT3G10230	Ces15328	74.2	102	1.44e-278	ortholog (RBH)
cyclase	LCYB	AT3G10230	Ces02774	38.7	89	3.11e-84	homolog
cyclase	LCYE	AT5G57030	Ces02774	66.7	103	2.78e-249	ortholog (RBH)
xanth	CYP97A3	AT1G31800	Ces10068	76.8	90	6.15e-302	ortholog (RBH)
xanth	CYP97A3	AT1G31800	Ces10516	52.5	75	2.47e-157	homolog
xanth	CYP97A3	AT1G31800	Ces20962	47.2	83	7.90e-141	homolog
xanth	CYP97A3	AT1G31800	Ces15687	25.9	63	4.39e-35	fragment
xanth	CYP97A3	AT1G31800	Ces09535	25.1	72	1.12e-34	homolog
xanth	CYP97C1	AT3G53130	Ces10516	80.0	90	6.71e-286	ortholog (RBH)
xanth	CYP97C1	AT3G53130	Ces10068	51.8	88	9.99e-158	homolog
xanth	CYP97C1	AT3G53130	Ces20962	45.6	90	2.29e-130	homolog
xanth	CYP97C1	AT3G53130	Ces19588	28.6	79	8.39e-35	homolog
xanth	CYP97C1	AT3G53130	Ces12693	25.1	84	4.44e-32	homolog
xanth	BCH1	AT4G25700	Ces06731	67.9	89	1.72e-133	ortholog (RBH)
xanth	BCH1	AT4G25700	Ces06730	60.0	44	3.41e-49	partial (RBH)
xanth	BCH2	AT5G52570	Ces06731	78.9	70	6.85e-124	homolog
xanth	BCH2	AT5G52570	Ces06730	59.3	41	1.14e-44	fragment
xanth	ZEP	AT5G67030	Ces08057	70.2	88	1.26e-301	ortholog (RBH)
xanth	ZEP	AT5G67030	Ces08050	75.9	8	1.10e-18	partial (RBH)
xanth	ZEP	AT5G67030	Ces23772	31.2	35	2.72e-16	fragment
xanth	ZEP	AT5G67030	Ces11277	23.9	56	3.64e-12	fragment
xanth	VDE	AT1G08550	Ces22533	75.8	79	4.14e-204	ortholog (RBH)
xanth	NSX	AT1G67080	Ces00503	66.3	80	2.59e-77	ortholog (RBH)
degrade	CCD1	AT3G63520	Ces00245	77.1	98	3.76e-310	ortholog (RBH)
degrade	CCD1	AT3G63520	Ces11733	38.1	100	5.71e-111	homolog
degrade	CCD1	AT3G63520	Ces27429	38.1	100	1.55e-110	homolog
degrade	CCD1	AT3G63520	Ces28200	38.8	95	1.66e-109	homolog
degrade	CCD1	AT3G63520	Ces16312	38.6	95	2.34e-109	homolog
degrade	CCD4	AT4G19170	Ces13251	61.9	90	7.00e-233	ortholog (RBH)
degrade	CCD4	AT4G19170	Ces13250	61.6	70	8.29e-178	ortholog (RBH)
degrade	CCD4	AT4G19170	Ces03723	52.8	86	7.21e-173	ortholog (RBH)
degrade	CCD4	AT4G19170	Ces27429	41.1	88	2.45e-120	homolog
degrade	CCD4	AT4G19170	Ces11733	41.1	88	2.52e-120	homolog
degrade	NCED3	AT3G14440	Ces09230	72.0	86	2.18e-280	ortholog (RBH)
degrade	NCED3	AT3G14440	Ces11733	70.6	87	1.60e-272	ortholog (RBH)
degrade	NCED3	AT3G14440	Ces27429	70.4	87	3.60e-271	ortholog (RBH)
degrade	NCED3	AT3G14440	Ces16312	67.4	89	4.01e-270	ortholog (RBH)
degrade	NCED3	AT3G14440	Ces28200	67.2	89	5.69e-270	ortholog (RBH)
sink	OR	AT5G61670	Ces06664	70.3	107	4.87e-135	ortholog (RBH)
sink	OR	AT5G61670	Ces26954	73.5	80	5.30e-103	homolog
sink	OR-like	AT5G06130	Ces26954	73.3	84	7.14e-108	ortholog (RBH)
sink	OR-like	AT5G06130	Ces06664	67.6	82	1.86e-97	homolog
sink	FBN1a	AT4G04020	Ces17304	57.7	106	3.05e-119	ortholog (RBH)
sink	FBN1a	AT4G04020	Ces06475	49.0	82	3.15e-79	homolog
