step	gene	at_locus	orthogroup	ambtri	aratha	colesc	musacu	nelnuc	orysat	soltub	zeamay	zosmar
MEP backbone	DXS	AT4G15560	OG0016131	0	2	0	0	0	0	0	0	0
MEP backbone	DXR	AT5G62790	OG0007716	1	1	1	2	1	1	1	2	1
MEP backbone	MCT	AT2G02500	OG0008814	1	1	1	1	1	1	1	2	1
MEP backbone	CMK	AT2G26930	OG0011249	1	1	1	1	1	1	1	1	1
MEP backbone	MDS	AT1G63970	OG0007387	1	1	1	2	1	1	1	2	1
MEP backbone	HDS	AT5G60600	OG0011339	1	1	1	1	1	1	1	1	1
MEP backbone	HDR	AT4G34350	OG0008041	1	1	2	2	1	1	1	1	1
backbone	GGPPS11	AT4G36810	OG0016072	0	2	0	0	0	0	0	0	0
carotenoid core	PSY	AT5G17230	OG0008455	1	1	0	1	1	2	2	2	0
carotenoid core	PDS3	AT4G14210	OG0008801	1	1	1	1	1	1	1	2	1
carotenoid core	Z-ISO	AT1G10830	OG0009232	1	1	1	2	1	1	1	1	1
carotenoid core	ZDS	AT3G04870	OG0011597	1	1	1	1	1	1	1	1	1
carotenoid core	CRTISO	AT1G06820	OG0008581	1	1	1	1	1	1	1	2	1
cyclisation	LCYB	AT3G10230	OG0008898	1	1	1	1	1	1	2	1	1
cyclisation	LCYE	AT5G57030	OG0011364	1	1	1	1	1	1	1	1	1
xanthophyll	CYP97A3	AT1G31800	OG0008734	1	1	1	1	2	1	1	1	1
xanthophyll	CYP97C1	AT3G53130	OG0010326	1	1	1	1	1	1	1	1	1
xanthophyll	BCH1	AT4G25700	OG0002271	2	2	2	3	1	3	3	3	1
xanthophyll	BCH2	AT5G52570	OG0002271	2	2	2	3	1	3	3	3	1
xanthophyll	ZEP	AT5G67030	OG0007645	1	1	1	1	1	1	1	2	2
xanthophyll	VDE	AT1G08550	OG0010349	1	1	1	1	1	1	1	1	1
xanthophyll	NSX	AT1G67080	OG0004955	1	1	1	2	2	1	2	2	2
degradation	CCD1	AT3G63520	OG0006718	2	1	1	1	1	1	3	1	1
degradation	CCD4	AT4G19170	OG0003678	2	1	3	1	2	2	3	2	0
degradation	NCED3	AT3G14440	OG0000444	1	4	5	6	2	3	2	10	4
sink/stability	OR	AT5G61670	OG0008468	1	1	1	2	2	1	1	1	0
sink/stability	OR-like	AT5G06130	OG0010013	1	1	1	1	1	1	1	1	1
sink/stability	FBN1a	AT4G04020	OG0003792	2	2	1	3	3	1	1	2	1
